{
    "precision": 0.9761904761904762,
    "recall": 0.9534883720930233,
    "roc_auc": 0.99737962659679
}